{"0.20_0.02": {"0.02": -0.01550585133946496, "0.05": 0.0014178077136976386, "0.1": 0.018807542236287268, "0.15": 0.030699687761860973, "0.2": 0.03024322715908876, "0.25": 0.02379454115124232, "0.3": 0.015830594315618556}, "0.20_0.05": {"0.02": -0.017939625937600755, "0.05": -0.0009493376140591092, "0.1": 0.014969563235867955, "0.15": 0.02564597234713668, "0.2": 0.02470590579366695, "0.25": 0.018189855393620502, "0.3": 0.010393797811637106}, "0.20_0.10": {"0.02": -0.021995916934493764, "0.05": -0.004894579826987, "0.1": 0.008572931568502518, "0.15": 0.017223113322596195, "0.2": 0.015477036851297199, "0.25": 0.008848712464250775, "0.3": 0.0013324703050013487}, "0.25_0.02": {"0.02": -0.016296042041702263, "0.05": -0.003542547209874081, "0.1": 0.016824397541532456, "0.15": 0.03363796135729854, "0.2": 0.03582629884832463, "0.25": 0.029027616417350487, "0.3": 0.019720887116450914}, "0.25_0.05": {"0.02": -0.01796637360331029, "0.05": -0.005148927153593596, "0.1": 0.013446676618484898, "0.15": 0.02845066822477168, "0.2": 0.0297392604765207, "0.25": 0.022706923783219625, "0.3": 0.013558716368184598}, "0.25_0.10": {"0.02": -0.02075025953932369, "0.05": -0.007826227059792823, "0.1": 0.007817141746739054, "0.15": 0.019805179670560114, "0.2": 0.019594196523514174, "0.25": 0.012172436059668178, "0.3": 0.0032884317877407533}, "0.30_0.02": {"0.02": -0.01676210145571174, "0.05": -0.006628529340095601, "0.1": 0.009778554903735104, "0.15": 0.028743531512629962, "0.2": 0.035059137443622254, "0.25": 0.029865501330703682, "0.3": 0.02080234244142041}, "0.30_0.05": {"0.02": -0.01794839136080333, "0.05": -0.007731231869102973, "0.1": 0.007089701910384582, "0.15": 0.023737114737311403, "0.2": 0.028642823312658126, "0.25": 0.022973442600139716, "0.3": 0.014007032501780082}, "0.30_0.10": {"0.02": -0.019925541202622632, "0.05": -0.009569069417448572, "0.1": 0.002608280254800377, "0.15": 0.01539308677844713, "0.2": 0.017948966427717917, "0.25": 0.011486678049199794, "0.3": 0.0026815159357128195}}